filename,target
0_image_1.jpg,8.0
0_image_2.jpg,8.0
0_image_3.jpg,8.0
0_image_4.jpg,8.0
1_image_1.jpg,9.8
2_image_1.jpg,14.33
3_image_1.jpg,23.33
3_image_2.jpg,23.33
4_image_1.jpg,17.8
4_image_2.jpg,17.8
4_image_3.jpg,17.8
5_image_1.png,10.25
6_image_1.jpeg,11.0
7_image_1.jpg,10.25
7_image_2.jpg,10.25
7_image_3.jpg,10.25
7_image_4.jpg,10.25
8_image_1.jpg,11.5
9_image_1.jpg,11.83
9_image_2.jpg,11.83
10_image_1.jpg,13.33
10_image_2.jpg,13.33
11_image_1.jpeg,16.4
12_image_1.jpg,21.5
12_image_2.jpg,21.5
12_image_3.jpg,21.5
12_image_4.jpg,21.5
13_image_1.jpeg,13.25
14_image_1.jpg,17.0
14_image_2.jpg,17.0
15_image_1.jpg,12.0
16_image_1.jpg,11.67
16_image_2.jpg,11.67
16_image_3.jpg,11.67
16_image_4.jpg,11.67
17_image_1.jpg,12.5
18_image_1.jpg,9.75
18_image_2.jpg,9.75
18_image_3.jpg,9.75
19_image_1.jpeg,11.5
20_image_1.jpg,13.0
20_image_2.jpg,13.0
21_image_1.jpg,11.0
21_image_2.jpg,11.0
22_image_1.jpg,13.0
23_image_1.jpeg,11.0
24_image_1.jpg,11.0
24_image_2.jpg,11.0
24_image_3.jpg,11.0
24_image_4.jpg,11.0
25_image_1.jpg,12.43
25_image_2.jpg,12.43
26_image_1.jpg,13.0
26_image_2.jpg,13.0
26_image_3.jpg,13.0
26_image_4.jpg,13.0
27_image_1.png,14.5
27_image_2.png,14.5
28_image_1.jpg,9.0
29_image_1.jpg,16.0
29_image_2.jpg,16.0
30_image_1.jpg,14.0
30_image_2.jpg,14.0
32_image_1.jpg,10.89
32_image_2.jpg,10.89
32_image_3.jpg,10.89
32_image_4.jpg,10.89
33_image_1.jpg,16.67
33_image_2.jpg,16.67
33_image_3.jpg,16.67
33_image_4.jpg,16.67
34_image_1.jpeg,10.17
35_image_1.jpg,9.75
36_image_1.jpg,16.75
36_image_2.jpg,16.75
37_image_1.jpg,12.83
37_image_2.jpg,12.83
37_image_3.jpg,12.83
38_image_1.jpg,10.5
39_image_1.jpg,13.14
39_image_2.jpg,13.14
39_image_3.jpg,13.14
39_image_4.jpg,13.14
40_image_1.png,13.0
40_image_2.png,13.0
41_image_1.jpg,15.5
41_image_2.jpg,15.5
42_image_1.jpg,9.0
42_image_2.jpg,9.0
42_image_3.jpg,9.0
42_image_4.jpg,9.0
43_image_1.jpg,15.0
44_image_1.jpeg,13.0
45_image_1.jpg,12.33
45_image_2.jpg,12.33
45_image_3.jpg,12.33
46_image_1.jpg,6.0
47_image_1.jpg,14.0
48_image_1.jpeg,8.6
49_image_1.jpg,19.75
49_image_2.jpg,19.75
49_image_3.jpg,19.75
49_image_4.jpg,19.75
50_image_1.jpg,23.0
50_image_2.png,23.0
50_image_3.jpg,23.0
50_image_4.png,23.0
51_image_1.jpg,10.5
51_image_2.jpg,10.5
51_image_3.jpg,10.5
51_image_4.jpg,10.5
52_image_1.jpg,11.33
52_image_2.jpg,11.33
52_image_3.jpg,11.33
52_image_4.jpg,11.33
53_image_1.jpg,12.0
53_image_2.jpg,12.0
53_image_3.jpg,12.0
53_image_4.jpg,12.0
54_image_1.jpg,14.5
55_image_1.jpg,10.43
56_image_1.jpg,29.25
56_image_2.jpg,29.25
56_image_3.jpg,29.25
56_image_4.jpg,29.25
57_image_1.jpg,13.5
57_image_2.jpg,13.5
57_image_3.jpg,13.5
57_image_4.jpg,13.5
58_image_1.jpg,12.0
59_image_1.jpg,10.0
59_image_2.jpg,10.0
59_image_3.jpg,10.0
59_image_4.jpg,10.0
60_image_1.jpg,17.8
61_image_1.jpg,15.0
61_image_2.jpg,15.0
61_image_3.jpg,15.0
62_image_1.jpeg,9.0
63_image_1.jpg,14.33
63_image_2.jpg,14.33
63_image_3.jpg,14.33
64_image_1.jpg,14.33
64_image_2.jpg,14.33
65_image_1.jpg,13.4
67_image_1.jpg,9.64
67_image_2.jpg,9.64
67_image_3.jpg,9.64
67_image_4.jpg,9.64
68_image_1.jpeg,8.0
69_image_1.jpg,19.5
69_image_2.jpg,19.5
69_image_3.jpg,19.5
69_image_4.jpg,19.5
70_image_1.jpg,21.44
70_image_2.jpg,21.44
70_image_3.jpg,21.44
71_image_1.jpg,13.2
71_image_2.jpg,13.2
71_image_3.jpg,13.2
71_image_4.jpg,13.2
72_image_1.jpg,12.86
72_image_2.jpg,12.86
72_image_3.jpg,12.86
72_image_4.jpg,12.86
73_image_1.png,17.0
74_image_1.jpg,8.86
74_image_2.jpg,8.86
74_image_3.jpg,8.86
74_image_4.jpg,8.86
75_image_1.jpeg,14.0
76_image_1.jpeg,12.67
77_image_1.jpg,13.33
77_image_2.jpg,13.33
77_image_3.jpg,13.33
77_image_4.jpg,13.33
78_image_1.jpg,16.67
78_image_2.jpg,16.67
78_image_3.jpg,16.67
78_image_4.jpg,16.67
79_image_1.jpg,14.5
80_image_1.jpg,16.0
81_image_1.png,17.0
82_image_1.jpg,9.0
82_image_2.jpg,9.0
83_image_1.jpg,10.75
84_image_1.jpg,14.0
84_image_2.jpg,14.0
84_image_3.jpg,14.0
84_image_4.jpg,14.0
85_image_1.jpg,16.7
86_image_1.png,16.5
87_image_1.png,12.0
88_image_1.jpg,12.8
88_image_2.jpg,12.8
89_image_1.jpg,12.43
90_image_1.jpg,12.0
91_image_1.jpg,9.0
92_image_1.jpg,9.0
92_image_2.jpg,9.0
92_image_3.jpg,9.0
92_image_4.jpg,9.0
93_image_1.jpg,14.33
93_image_2.jpg,14.33
94_image_1.jpeg,14.0
95_image_1.jpg,13.6
95_image_2.jpg,13.6
96_image_1.jpeg,17.0
97_image_1.jpg,12.0
98_image_1.jpg,12.0
99_image_1.jpg,13.0
100_image_1.jpg,10.0
101_image_1.jpg,16.5
102_image_1.jpg,17.33
102_image_2.jpg,17.33
103_image_1.jpg,13.0
104_image_1.jpg,13.67
105_image_1.jpg,13.25
105_image_2.jpg,13.25
106_image_1.jpg,13.5
107_image_1.jpg,7.0
107_image_2.jpg,7.0
107_image_3.jpg,7.0
108_image_1.jpg,19.0
109_image_1.jpg,15.0
109_image_2.jpg,15.0
109_image_3.jpg,15.0
110_image_1.jpg,20.0
110_image_2.jpg,20.0
111_image_1.jpeg,10.0
112_image_1.jpg,15.2
112_image_2.jpg,15.2
113_image_1.jpeg,14.0
114_image_1.jpg,10.0
114_image_2.jpg,10.0
114_image_3.jpg,10.0
114_image_4.jpg,10.0
115_image_1.jpg,9.22
115_image_2.jpg,9.22
115_image_3.jpg,9.22
115_image_4.jpg,9.22
116_image_1.jpeg,15.2
117_image_1.jpg,14.5
117_image_2.jpg,14.5
118_image_1.jpg,6.29
118_image_2.jpg,6.29
118_image_3.jpg,6.29
118_image_4.jpg,6.29
119_image_1.jpg,9.67
120_image_1.jpg,20.0
121_image_1.jpg,10.0
122_image_1.jpg,10.33
122_image_2.jpg,10.33
123_image_1.jpeg,7.75
124_image_1.jpg,12.0
124_image_2.jpg,12.0
125_image_1.jpeg,10.0
126_image_1.jpeg,35.0
127_image_1.jpg,9.14
127_image_2.jpg,9.14
128_image_1.jpeg,12.25
129_image_1.jpeg,9.8
130_image_1.jpg,20.5
130_image_2.jpg,20.5
130_image_3.jpg,20.5
130_image_4.jpg,20.5
131_image_1.jpg,6.0
131_image_2.jpg,6.0
131_image_3.jpg,6.0
131_image_4.jpg,6.0
132_image_1.jpg,10.5
132_image_2.jpg,10.5
132_image_3.jpg,10.5
132_image_4.jpg,10.5
133_image_1.jpeg,15.0
134_image_1.jpg,14.5
135_image_1.jpg,2.0
135_image_2.jpg,2.0
135_image_3.jpg,2.0
136_image_1.jpg,13.67
137_image_1.jpg,15.0
137_image_2.jpg,15.0
137_image_3.jpg,15.0
138_image_1.jpg,18.5
139_image_1.jpg,15.0
140_image_1.jpg,14.0
141_image_1.jpg,11.0
141_image_2.jpg,11.0
142_image_1.png,13.5
143_image_1.jpg,20.0
144_image_1.jpg,12.42
145_image_1.jpg,11.25
145_image_2.jpg,11.25
145_image_3.jpg,11.25
145_image_4.jpg,11.25
146_image_1.jpg,9.33
147_image_1.jpg,11.0
148_image_1.jpeg,20.5
149_image_1.jpeg,11.67
150_image_1.jpg,18.0
150_image_2.jpg,18.0
150_image_3.jpg,18.0
151_image_1.jpeg,9.5
152_image_1.jpg,9.0
152_image_2.jpg,9.0
152_image_3.jpg,9.0
153_image_1.jpeg,20.5
154_image_1.jpg,17.75
154_image_2.jpg,17.75
154_image_3.jpg,17.75
155_image_1.jpg,10.29
155_image_2.jpg,10.29
156_image_1.jpg,12.5
156_image_2.jpg,12.5
156_image_3.jpg,12.5
156_image_4.jpg,12.5
157_image_1.jpg,11.6
158_image_1.jpg,13.0
158_image_2.jpg,13.0
158_image_3.jpg,13.0
158_image_4.jpg,13.0
159_image_1.jpg,22.33
160_image_1.jpg,9.0
161_image_1.jpg,14.0
162_image_1.jpg,13.33
162_image_2.jpg,13.33
163_image_1.jpg,16.33
163_image_2.jpg,16.33
163_image_3.jpg,16.33
164_image_1.jpg,17.0
165_image_1.jpg,13.33
165_image_2.jpg,13.33
165_image_3.jpg,13.33
166_image_1.jpg,11.0
167_image_1.png,14.0
167_image_2.png,14.0
167_image_3.png,14.0
168_image_1.jpg,13.5
168_image_2.jpg,13.5
169_image_1.jpg,11.33
171_image_1.jpg,11.5
171_image_2.jpg,11.5
172_image_1.jpg,11.91
172_image_2.jpg,11.91
172_image_3.jpg,11.91
172_image_4.jpg,11.91
173_image_1.jpeg,8.33
174_image_1.jpg,10.88
174_image_2.jpg,10.88
174_image_3.jpg,10.88
174_image_4.jpg,10.88
175_image_1.jpg,11.0
175_image_2.jpg,11.0
175_image_3.jpg,11.0
175_image_4.jpg,11.0
176_image_1.jpg,15.67
177_image_1.jpg,15.33
178_image_1.jpg,10.0
179_image_1.jpg,9.0
179_image_2.jpg,9.0
179_image_3.jpg,9.0
180_image_1.jpg,11.0
181_image_1.jpg,13.0
182_image_1.png,10.0
182_image_2.png,10.0
182_image_3.png,10.0
183_image_1.jpg,11.5
183_image_2.jpg,11.5
184_image_1.jpg,11.5
185_image_1.jpg,15.8
186_image_1.jpg,9.0
187_image_1.jpg,10.0
188_image_1.jpg,10.67
189_image_1.jpg,11.67
190_image_1.jpg,9.75
190_image_2.jpg,9.75
191_image_1.jpg,10.67
192_image_1.jpg,17.67
192_image_2.jpg,17.67
192_image_3.jpg,17.67
192_image_4.jpg,17.67
193_image_1.jpg,15.0
193_image_2.jpg,15.0
193_image_3.jpg,15.0
193_image_4.jpg,15.0
194_image_1.jpg,8.0
194_image_2.jpg,8.0
194_image_3.jpg,8.0
195_image_1.jpg,20.0
195_image_2.jpg,20.0
195_image_3.png,20.0
195_image_4.jpg,20.0
196_image_1.png,23.0
196_image_2.png,23.0
197_image_1.jpg,16.5
197_image_2.jpg,16.5
197_image_3.jpg,16.5
197_image_4.jpg,16.5
198_image_1.jpg,14.0
198_image_2.jpg,14.0
199_image_1.jpg,12.0
199_image_2.jpg,12.0
200_image_1.jpg,12.67
200_image_2.jpg,12.67
200_image_3.jpg,12.67
200_image_4.jpg,12.67
201_image_1.jpg,10.1
201_image_2.jpg,10.1
201_image_3.jpg,10.1
201_image_4.jpg,10.1
202_image_1.jpeg,9.0
203_image_1.jpg,11.0
203_image_2.jpg,11.0
203_image_3.jpg,11.0
203_image_4.jpg,11.0
204_image_1.jpeg,16.0
205_image_1.jpeg,13.22
206_image_1.png,15.75
206_image_2.png,15.75
206_image_3.png,15.75
206_image_4.png,15.75
207_image_1.jpg,8.8
207_image_2.jpg,8.8
208_image_1.png,12.33
209_image_1.jpeg,11.67
210_image_1.png,10.25
210_image_2.png,10.25
211_image_1.jpg,13.67
211_image_2.jpg,13.67
211_image_3.jpg,13.67
211_image_4.jpg,13.67
212_image_1.jpg,12.0
212_image_2.jpg,12.0
212_image_3.jpg,12.0
213_image_1.jpg,21.0
213_image_2.jpg,21.0
213_image_3.jpg,21.0
214_image_1.jpg,28.86
214_image_2.jpg,28.86
214_image_3.png,28.86
214_image_4.jpg,28.86
215_image_1.jpg,12.5
216_image_1.jpg,9.2
217_image_1.jpg,17.67
217_image_2.jpg,17.67
217_image_3.jpg,17.67
217_image_4.jpg,17.67
218_image_1.jpg,7.14
219_image_1.jpg,13.0
220_image_1.jpg,9.67
220_image_2.jpg,9.67
221_image_1.jpg,16.0
221_image_2.jpg,16.0
222_image_1.jpg,12.25
222_image_2.jpg,12.25
222_image_3.jpg,12.25
223_image_1.jpg,14.75
224_image_1.jpg,15.0
224_image_2.jpg,15.0
225_image_1.jpg,20.29
225_image_2.jpg,20.29
225_image_3.jpg,20.29
225_image_4.jpg,20.29
226_image_1.jpg,9.62
226_image_2.jpg,9.62
226_image_3.jpg,9.62
227_image_1.jpg,10.0
227_image_2.jpg,10.0
227_image_3.jpg,10.0
228_image_1.jpg,12.14
228_image_2.jpg,12.14
229_image_1.jpg,11.0
230_image_1.jpg,13.0
231_image_1.jpg,21.86
232_image_1.jpg,11.0
233_image_1.jpg,8.5
234_image_1.jpg,10.67
235_image_1.jpg,9.33
235_image_2.jpg,9.33
235_image_3.jpg,9.33
235_image_4.jpg,9.33
236_image_1.jpg,17.0
237_image_1.jpg,11.5
237_image_2.jpg,11.5
238_image_1.jpg,14.25
238_image_2.jpg,14.25
239_image_1.jpg,22.0
239_image_2.jpg,22.0
239_image_3.jpg,22.0
239_image_4.jpg,22.0
240_image_1.jpg,18.8
240_image_2.jpg,18.8
240_image_3.jpg,18.8
240_image_4.jpg,18.8
241_image_1.jpg,12.33
241_image_2.jpg,12.33
241_image_3.jpg,12.33
241_image_4.jpg,12.33
242_image_1.jpg,18.5
242_image_2.jpg,18.5
242_image_3.jpg,18.5
243_image_1.jpeg,6.8
244_image_1.jpeg,21.0
245_image_1.jpg,16.67
245_image_2.jpg,16.67
245_image_3.jpg,16.67
245_image_4.jpg,16.67
246_image_1.jpg,13.33
246_image_2.jpg,13.33
246_image_3.jpg,13.33
247_image_1.jpg,11.4
247_image_2.jpg,11.4
247_image_3.jpg,11.4
247_image_4.jpg,11.4
248_image_1.jpg,9.0
248_image_2.jpg,9.0
248_image_3.jpg,9.0
249_image_1.jpg,9.67
250_image_1.jpg,10.0
250_image_2.jpg,10.0
250_image_3.jpg,10.0
250_image_4.jpg,10.0
251_image_1.jpg,20.0
252_image_1.jpg,15.0
253_image_1.jpg,12.0
254_image_1.png,11.0
255_image_1.jpg,15.0
255_image_2.jpg,15.0
255_image_3.jpg,15.0
255_image_4.jpg,15.0
256_image_1.jpg,13.0
257_image_1.jpg,12.5
258_image_1.jpg,23.5
258_image_2.jpg,23.5
258_image_3.jpg,23.5
258_image_4.jpg,23.5
259_image_1.jpg,12.17
259_image_2.jpg,12.17
259_image_3.jpg,12.17
259_image_4.jpg,12.17
260_image_1.jpg,8.0
261_image_1.jpg,14.0
262_image_1.jpg,11.5
262_image_2.jpg,11.5
263_image_1.jpg,11.14
263_image_2.jpg,11.14
264_image_1.jpg,12.25
265_image_1.jpg,12.5
266_image_1.jpg,12.6
267_image_1.jpg,18.67
267_image_2.jpg,18.67
267_image_3.jpg,18.67
267_image_4.jpg,18.67
268_image_1.jpg,17.0
268_image_2.jpg,17.0
268_image_3.jpg,17.0
268_image_4.jpg,17.0
269_image_1.jpg,11.75
270_image_1.jpg,18.8
270_image_2.jpg,18.8
270_image_3.jpg,18.8
271_image_1.jpg,7.67
271_image_2.jpg,7.67
272_image_1.jpg,13.0
273_image_1.jpg,11.0
273_image_2.jpg,11.0
273_image_3.jpg,11.0
274_image_1.jpg,15.0
274_image_2.jpg,15.0
274_image_3.jpg,15.0
274_image_4.jpg,15.0
275_image_1.jpg,11.5
275_image_2.jpg,11.5
275_image_3.jpg,11.5
276_image_1.png,13.0
277_image_1.jpg,10.5
278_image_1.jpg,9.0
278_image_2.jpg,9.0
279_image_1.jpeg,19.33
280_image_1.jpeg,14.5
281_image_1.jpeg,12.4
282_image_1.jpg,11.0
282_image_2.jpg,11.0
282_image_3.jpg,11.0
282_image_4.jpg,11.0
283_image_1.jpeg,11.33
284_image_1.jpg,13.5
284_image_2.jpg,13.5
284_image_3.jpg,13.5
285_image_1.jpg,15.67
285_image_2.jpg,15.67
285_image_3.jpg,15.67
285_image_4.jpg,15.67
286_image_1.jpeg,10.2
287_image_1.jpeg,14.0
288_image_1.jpeg,9.5
289_image_1.jpg,18.6
289_image_2.jpg,18.6
290_image_1.jpg,14.5
290_image_2.jpg,14.5
290_image_3.jpg,14.5
290_image_4.jpg,14.5
291_image_1.jpg,13.33
291_image_2.jpg,13.33
291_image_3.jpg,13.33
291_image_4.jpg,13.33
292_image_1.jpg,9.56
292_image_2.jpg,9.56
293_image_1.png,10.0
293_image_2.png,10.0
293_image_3.png,10.0
294_image_1.jpg,25.0
294_image_2.jpg,25.0
294_image_3.jpg,25.0
294_image_4.jpg,25.0
295_image_1.jpeg,2.0
296_image_1.jpeg,14.0
297_image_1.jpeg,8.0
298_image_1.jpeg,15.12
299_image_1.jpg,10.2
299_image_2.jpg,10.2
299_image_3.jpg,10.2
299_image_4.jpg,10.2
300_image_1.jpg,7.5
300_image_2.jpg,7.5
301_image_1.jpeg,14.0
302_image_1.jpg,12.4
302_image_2.jpg,12.4
302_image_3.jpg,12.4
303_image_1.jpeg,18.0
304_image_1.jpg,13.82
304_image_2.jpg,13.82
304_image_3.jpg,13.82
304_image_4.jpg,13.82
305_image_1.png,20.0
306_image_1.jpg,20.67
306_image_2.jpg,20.67
307_image_1.jpg,10.0
307_image_2.jpg,10.0
307_image_3.jpg,10.0
307_image_4.jpg,10.0
308_image_1.jpg,9.0
308_image_2.jpg,9.0
309_image_1.jpg,32.5
309_image_2.jpg,32.5
310_image_1.jpg,14.25
310_image_2.jpg,14.25
311_image_1.jpg,15.0
312_image_1.jpg,14.0
313_image_1.jpg,15.78
314_image_1.jpg,8.5
315_image_1.png,9.5
316_image_1.jpg,13.22
316_image_2.jpg,13.22
317_image_1.jpg,9.0
318_image_1.png,20.5
319_image_1.jpg,11.0
319_image_2.jpg,11.0
319_image_3.jpg,11.0
320_image_1.jpg,14.93
321_image_1.jpg,11.67
322_image_1.jpg,16.0
322_image_2.jpg,16.0
322_image_3.jpg,16.0
322_image_4.jpg,16.0
323_image_1.jpg,15.0
323_image_2.jpg,15.0
324_image_1.jpg,17.5
324_image_2.jpg,17.5
324_image_3.jpg,17.5
325_image_1.jpg,19.83
326_image_1.jpg,13.5
327_image_1.jpg,8.25
327_image_2.jpg,8.25
327_image_3.jpg,8.25
327_image_4.jpg,8.25
328_image_1.jpg,11.2
328_image_2.jpg,11.2
328_image_3.jpg,11.2
328_image_4.jpg,11.2
329_image_1.jpg,16.17
331_image_1.jpg,18.0
331_image_2.jpg,18.0
331_image_3.jpg,18.0
331_image_4.jpg,18.0
332_image_1.jpg,18.0
333_image_1.jpg,15.0
334_image_1.jpg,16.0
334_image_2.jpg,16.0
334_image_3.jpg,16.0
334_image_4.png,16.0
335_image_1.jpg,14.0
335_image_2.jpg,14.0
335_image_3.jpg,14.0
336_image_1.jpg,15.6
337_image_1.jpg,13.2
337_image_2.jpg,13.2
337_image_3.jpg,13.2
337_image_4.jpg,13.2
338_image_1.jpg,9.8
338_image_2.jpg,9.8
339_image_1.jpg,16.0
339_image_2.jpg,16.0
339_image_3.jpg,16.0
339_image_4.jpg,16.0
340_image_1.jpg,13.0
341_image_1.jpg,13.5
341_image_2.jpg,13.5
341_image_3.jpg,13.5
341_image_4.jpg,13.5
342_image_1.jpg,11.33
342_image_2.jpg,11.33
342_image_3.jpg,11.33
342_image_4.jpg,11.33
343_image_1.png,14.38
343_image_2.png,14.38
343_image_3.png,14.38
344_image_1.jpg,16.0
344_image_2.jpg,16.0
344_image_3.jpg,16.0
345_image_1.jpeg,15.5
346_image_1.jpeg,16.0
347_image_1.jpg,9.5
347_image_2.jpg,9.5
347_image_3.jpg,9.5
347_image_4.jpg,9.5
348_image_1.jpeg,13.67
349_image_1.jpeg,14.0
350_image_1.jpeg,13.2
351_image_1.jpg,14.8
351_image_2.jpg,14.8
351_image_3.jpg,14.8
351_image_4.jpg,14.8
352_image_1.jpg,11.0
352_image_2.jpg,11.0
352_image_3.jpg,11.0
352_image_4.jpg,11.0
353_image_1.jpeg,15.62
354_image_1.jpg,12.25
354_image_2.jpg,12.25
355_image_1.jpeg,11.0
356_image_1.jpg,16.33
356_image_2.jpg,16.33
357_image_1.jpg,8.91
357_image_2.jpg,8.91
358_image_1.jpeg,10.5
359_image_1.jpg,14.14
359_image_2.jpg,14.14
360_image_1.jpeg,13.33
361_image_1.jpg,10.5
361_image_2.jpg,10.5
362_image_1.jpeg,12.0
363_image_1.png,14.25
363_image_2.png,14.25
363_image_3.png,14.25
363_image_4.png,14.25
364_image_1.jpeg,21.6
365_image_1.jpeg,10.0
366_image_1.jpg,14.17
366_image_2.jpg,14.17
366_image_3.jpg,14.17
366_image_4.jpg,14.17
367_image_1.jpeg,14.5
368_image_1.jpg,15.0
368_image_2.jpg,15.0
368_image_3.jpg,15.0
369_image_1.jpeg,14.4
370_image_1.jpg,21.67
370_image_2.jpg,21.67
370_image_3.jpg,21.67
370_image_4.jpg,21.67
371_image_1.jpeg,9.33
372_image_1.jpg,13.0
373_image_1.jpg,17.0
374_image_1.png,11.0
375_image_1.jpg,11.0
376_image_1.jpg,20.0
377_image_1.jpg,11.78
378_image_1.jpg,22.0
378_image_2.jpg,22.0
378_image_3.jpg,22.0
378_image_4.jpg,22.0
379_image_1.jpg,12.25
379_image_2.jpg,12.25
380_image_1.jpg,16.0
380_image_2.jpg,16.0
381_image_1.jpg,13.0
382_image_1.jpg,13.6
382_image_2.jpg,13.6
383_image_1.jpg,16.71
383_image_2.jpg,16.71
383_image_3.jpg,16.71
384_image_1.jpg,15.0
385_image_1.jpg,12.0
386_image_1.png,25.0
387_image_1.jpg,22.5
388_image_1.jpg,11.0
389_image_1.jpg,13.75
390_image_1.jpg,17.0
390_image_2.jpg,17.0
391_image_1.jpg,26.67
391_image_2.jpg,26.67
391_image_3.jpg,26.67
391_image_4.jpg,26.67
392_image_1.jpg,12.0
392_image_2.jpg,12.0
392_image_3.jpg,12.0
392_image_4.jpg,12.0
393_image_1.jpg,11.33
393_image_2.jpg,11.33
393_image_3.jpg,11.33
393_image_4.jpg,11.33
394_image_1.jpg,9.0
395_image_1.png,17.0
396_image_1.jpg,20.67
396_image_2.jpg,20.67
397_image_1.jpg,16.4
398_image_1.jpg,12.0
399_image_1.jpg,7.5
400_image_1.jpg,12.5
401_image_1.jpg,15.0
402_image_1.jpg,13.2
403_image_1.jpg,18.2
404_image_1.jpg,13.0
405_image_1.jpg,14.2
406_image_1.jpg,13.5
407_image_1.jpg,11.75
408_image_1.jpg,24.25
409_image_1.jpg,15.6
410_image_1.jpg,14.71
411_image_1.jpg,12.0
412_image_1.jpg,19.0
413_image_1.jpg,15.0
414_image_1.jpg,13.0
415_image_1.jpeg,11.86
416_image_1.png,12.4
417_image_1.jpeg,11.0
418_image_1.jpeg,13.11
419_image_1.png,11.33
420_image_1.jpeg,11.0
421_image_1.jpeg,17.33
422_image_1.jpeg,15.67
423_image_1.jpeg,21.0
424_image_1.png,15.0
425_image_1.jpeg,16.0
426_image_1.jpeg,11.0
427_image_1.png,14.83
428_image_1.jpg,14.25
429_image_1.jpg,11.5
430_image_1.jpg,14.0
431_image_1.jpg,20.0
432_image_1.jpg,18.0
433_image_1.jpg,23.0
434_image_1.jpg,17.8
435_image_1.jpg,14.0
436_image_1.jpg,10.0
437_image_1.jpg,12.6
438_image_1.jpg,10.0
439_image_1.jpg,11.64
440_image_1.jpg,19.0
441_image_1.jpg,12.0
442_image_1.jpg,9.5
443_image_1.jpg,14.5
444_image_1.jpg,10.0
445_image_1.jpg,10.0
446_image_1.jpg,8.0
447_image_1.jpg,14.0
448_image_1.jpg,15.0
449_image_1.jpg,15.0
450_image_1.jpg,16.0
451_image_1.jpg,17.5
452_image_1.jpg,17.0
452_image_2.jpg,17.0
452_image_3.jpg,17.0
453_image_1.jpg,14.67
453_image_2.jpg,14.67
453_image_3.jpg,14.67
453_image_4.jpg,14.67
454_image_1.jpg,11.5
454_image_2.jpg,11.5
454_image_3.jpg,11.5
455_image_1.jpg,20.0
456_image_1.jpg,14.25
457_image_1.jpg,7.75
458_image_1.jpg,15.0
459_image_1.jpg,16.0
460_image_1.jpg,12.67
460_image_2.jpg,12.67
460_image_3.jpg,12.67
461_image_1.jpg,13.62
462_image_1.jpg,19.67
463_image_1.jpg,12.0
464_image_1.jpg,12.5
465_image_1.jpeg,15.0
466_image_1.jpg,12.0
466_image_2.jpg,12.0
466_image_3.jpg,12.0
466_image_4.jpg,12.0
467_image_1.jpg,19.8
467_image_2.jpg,19.8
468_image_1.jpg,19.33
468_image_2.jpg,19.33
468_image_3.jpg,19.33
469_image_1.jpg,12.67
469_image_2.jpg,12.67
469_image_3.jpg,12.67
470_image_1.jpg,13.25
470_image_2.jpg,13.25
471_image_1.jpeg,16.5
472_image_1.jpg,19.0
472_image_2.jpg,19.0
472_image_3.jpg,19.0
472_image_4.jpg,19.0
473_image_1.png,13.5
473_image_2.jpg,13.5
474_image_1.jpeg,10.5
475_image_1.jpg,14.25
475_image_2.jpg,14.25
476_image_1.jpeg,10.5
477_image_1.jpeg,12.0
478_image_1.jpg,9.5
478_image_2.jpg,9.5
479_image_1.jpeg,15.0
480_image_1.jpg,17.0
480_image_2.jpg,17.0
480_image_3.jpg,17.0
481_image_1.jpg,11.75
481_image_2.jpg,11.75
481_image_3.jpg,11.75
481_image_4.jpg,11.75
482_image_1.jpg,16.67
482_image_2.jpg,16.67
482_image_3.jpg,16.67
483_image_1.jpg,16.62
483_image_2.jpg,16.62
484_image_1.jpeg,21.33
485_image_1.jpg,14.0
485_image_2.jpg,14.0
486_image_1.jpeg,11.5
487_image_1.jpg,7.75
487_image_2.jpg,7.75
487_image_3.jpg,7.75
487_image_4.jpg,7.75
488_image_1.jpg,14.33
488_image_2.jpg,14.33
489_image_1.jpg,12.0
489_image_2.jpg,12.0
489_image_3.jpg,12.0
490_image_1.jpg,8.5
490_image_2.jpg,8.5
490_image_3.jpg,8.5
490_image_4.jpg,8.5
491_image_1.jpg,17.4
491_image_2.jpg,17.4
492_image_1.jpeg,19.6
493_image_1.jpg,11.4
493_image_2.jpg,11.4
494_image_1.jpg,12.0
494_image_2.jpg,12.0
494_image_3.jpg,12.0
494_image_4.jpg,12.0
495_image_1.jpg,13.0
495_image_2.jpg,13.0
495_image_3.jpg,13.0
495_image_4.jpg,13.0
496_image_1.jpg,17.5
496_image_2.jpg,17.5
497_image_1.jpg,18.4
497_image_2.jpg,18.4
497_image_3.jpg,18.4
497_image_4.jpg,18.4
498_image_1.jpg,13.2
498_image_2.jpg,13.2
498_image_3.jpg,13.2
498_image_4.jpg,13.2
499_image_1.jpeg,15.0
500_image_1.jpg,14.0
500_image_2.jpg,14.0
500_image_3.jpg,14.0
501_image_1.png,13.0
501_image_2.png,13.0
501_image_3.png,13.0
502_image_1.jpg,9.5
502_image_2.jpg,9.5
502_image_3.jpg,9.5
502_image_4.jpg,9.5
503_image_1.jpg,24.57
503_image_2.jpg,24.57
504_image_1.jpeg,12.2
505_image_1.jpg,10.0
505_image_2.jpg,10.0
505_image_3.jpg,10.0
506_image_1.jpeg,14.0
507_image_1.jpeg,8.33
508_image_1.jpeg,13.67
509_image_1.jpg,11.0
509_image_2.jpg,11.0
509_image_3.jpg,11.0
510_image_1.png,15.75
510_image_2.jpg,15.75
511_image_1.jpeg,12.0
512_image_1.jpeg,13.0
513_image_1.png,12.0
514_image_1.jpeg,13.0
515_image_1.jpeg,20.44
516_image_1.png,16.8
516_image_2.png,16.8
516_image_3.png,16.8
517_image_1.jpeg,13.25
518_image_1.jpg,15.0
518_image_2.jpg,15.0
518_image_3.jpg,15.0
518_image_4.jpg,15.0
519_image_1.jpg,14.5
519_image_2.jpg,14.5
519_image_3.jpg,14.5
519_image_4.jpg,14.5
520_image_1.jpeg,14.33
521_image_1.jpeg,10.5
522_image_1.jpg,14.83
523_image_1.jpg,15.0
523_image_2.jpg,15.0
523_image_3.jpg,15.0
523_image_4.jpg,15.0
524_image_1.jpg,9.0
524_image_2.jpg,9.0
524_image_3.jpg,9.0
525_image_1.jpg,15.25
525_image_2.jpg,15.25
525_image_3.jpg,15.25
526_image_1.jpg,15.0
526_image_2.jpg,15.0
526_image_3.jpg,15.0
526_image_4.jpg,15.0
527_image_1.jpg,14.0
527_image_2.jpg,14.0
528_image_1.jpg,9.0
528_image_2.jpg,9.0
528_image_3.jpg,9.0
528_image_4.jpg,9.0
529_image_1.jpg,15.33
530_image_1.jpg,10.71
530_image_2.jpg,10.71
531_image_1.jpg,20.5
531_image_2.jpg,20.5
531_image_3.jpg,20.5
532_image_1.jpg,10.0
533_image_1.jpg,13.5
534_image_1.jpg,17.0
534_image_2.jpg,17.0
535_image_1.jpg,11.0
535_image_2.jpg,11.0
535_image_3.jpg,11.0
536_image_1.jpg,13.75
537_image_1.jpg,17.0
537_image_2.jpg,17.0
537_image_3.jpg,17.0
538_image_1.jpg,13.0
538_image_2.jpg,13.0
538_image_3.jpg,13.0
539_image_1.jpg,11.33
539_image_2.png,11.33
539_image_3.jpg,11.33
540_image_1.jpg,7.5
541_image_1.jpg,11.2
542_image_1.jpg,16.0
543_image_1.jpg,7.0
543_image_2.jpg,7.0
543_image_3.jpg,7.0
543_image_4.jpg,7.0
544_image_1.png,14.5
545_image_1.jpg,16.5
545_image_2.jpg,16.5
545_image_3.jpg,16.5
546_image_1.jpg,13.33
546_image_2.jpg,13.33
547_image_1.jpg,15.0
547_image_2.jpg,15.0
548_image_1.jpg,18.0
549_image_1.jpg,25.0
550_image_1.png,18.43
550_image_2.jpg,18.43
551_image_1.jpg,15.0
551_image_2.jpg,15.0
551_image_3.jpg,15.0
552_image_1.jpg,13.5
553_image_1.png,14.0
554_image_1.jpg,17.0
555_image_1.jpg,17.0
556_image_1.jpg,11.14
556_image_2.jpg,11.14
556_image_3.jpg,11.14
557_image_1.jpg,18.0
558_image_1.jpg,13.67
559_image_1.jpg,19.33
559_image_2.jpg,19.33
560_image_1.jpg,15.0
560_image_2.jpg,15.0
560_image_3.jpg,15.0
561_image_1.jpg,16.0
562_image_1.jpg,19.0
563_image_1.jpg,11.0
564_image_1.jpg,10.5
565_image_1.jpg,10.5
565_image_2.jpg,10.5
565_image_3.jpg,10.5
565_image_4.jpg,10.5
566_image_1.jpg,13.0
566_image_2.jpg,13.0
566_image_3.jpg,13.0
567_image_1.jpg,14.33
567_image_2.jpg,14.33
567_image_3.jpg,14.33
567_image_4.jpg,14.33
568_image_1.jpg,11.5
569_image_1.jpg,9.33
570_image_1.jpg,18.0
571_image_1.jpg,9.0
571_image_2.jpg,9.0
572_image_1.jpg,18.0
573_image_1.jpg,15.0
573_image_2.jpg,15.0
573_image_3.jpg,15.0
573_image_4.jpg,15.0
574_image_1.jpg,8.0
574_image_2.jpg,8.0
575_image_1.jpg,15.5
575_image_2.jpg,15.5
575_image_3.jpg,15.5
575_image_4.jpg,15.5
576_image_1.jpg,14.0
576_image_2.jpg,14.0
577_image_1.jpg,13.0
578_image_1.jpg,11.0
579_image_1.jpg,14.0
579_image_2.jpg,14.0
580_image_1.jpg,13.67
581_image_1.jpg,13.0
581_image_2.jpg,13.0
582_image_1.jpg,18.5
582_image_2.jpg,18.5
582_image_3.jpg,18.5
582_image_4.jpg,18.5
583_image_1.jpg,11.0
583_image_2.jpg,11.0
583_image_3.jpg,11.0
584_image_1.jpg,17.2
585_image_1.jpg,14.0
585_image_2.jpg,14.0
586_image_1.jpg,10.33
586_image_2.jpg,10.33
586_image_3.jpg,10.33
586_image_4.jpg,10.33
587_image_1.jpg,10.67
587_image_2.jpg,10.67
588_image_1.jpg,12.5
589_image_1.jpg,11.0
589_image_2.jpg,11.0
589_image_3.jpg,11.0
589_image_4.jpg,11.0
590_image_1.jpg,10.0
591_image_1.jpg,12.5
591_image_2.jpg,12.5
592_image_1.jpg,11.0
592_image_2.jpg,11.0
592_image_3.jpg,11.0
593_image_1.jpg,13.25
593_image_2.jpg,13.25
594_image_1.jpg,18.0
594_image_2.jpg,18.0
594_image_3.jpg,18.0
595_image_1.jpg,17.0
596_image_1.jpg,14.67
597_image_1.jpeg,15.5
598_image_1.jpeg,14.6
599_image_1.png,15.5
599_image_2.png,15.5
600_image_1.png,14.5
600_image_2.jpg,14.5
601_image_1.jpg,18.0
601_image_2.jpg,18.0
601_image_3.jpg,18.0
601_image_4.jpg,18.0
602_image_1.jpg,18.33
602_image_2.jpg,18.33
602_image_3.jpg,18.33
602_image_4.jpg,18.33
603_image_1.jpeg,11.0
604_image_1.jpeg,11.0
605_image_1.jpeg,10.0
606_image_1.jpg,12.29
606_image_2.jpg,12.29
607_image_1.jpeg,14.5
608_image_1.jpg,15.0
608_image_2.jpg,15.0
609_image_1.png,13.0
610_image_1.jpg,26.5
610_image_2.jpg,26.5
610_image_3.jpg,26.5
611_image_1.jpg,13.14
611_image_2.jpg,13.14
611_image_3.jpg,13.14
612_image_1.jpg,20.57
612_image_2.jpg,20.57
613_image_1.png,15.33
614_image_1.jpeg,37.5
615_image_1.jpg,19.4
615_image_2.jpg,19.4
615_image_3.jpg,19.4
616_image_1.jpg,15.0
616_image_2.jpg,15.0
616_image_3.jpg,15.0
616_image_4.jpg,15.0
617_image_1.jpeg,9.0
618_image_1.jpeg,14.6
619_image_1.jpg,9.0
619_image_2.jpg,9.0
620_image_1.jpeg,11.0
621_image_1.jpg,17.5
621_image_2.jpg,17.5
622_image_1.jpg,15.6
622_image_2.jpg,15.6
623_image_1.jpg,19.0
623_image_2.jpg,19.0
624_image_1.jpg,12.0
624_image_2.jpg,12.0
625_image_1.jpg,13.5
625_image_2.jpg,13.5
625_image_3.jpg,13.5
625_image_4.jpg,13.5
626_image_1.jpg,9.5
626_image_2.jpg,9.5
627_image_1.jpeg,17.75
628_image_1.jpg,17.67
628_image_2.jpg,17.67
628_image_3.jpg,17.67
628_image_4.jpg,17.67
629_image_1.jpeg,17.5
630_image_1.jpeg,12.0
631_image_1.jpg,16.0
631_image_2.jpg,16.0
632_image_1.jpg,11.0
632_image_2.jpg,11.0
632_image_3.jpg,11.0
632_image_4.jpg,11.0
633_image_1.jpeg,10.0
634_image_1.jpg,14.5
634_image_2.jpg,14.5
635_image_1.jpg,10.67
635_image_2.jpg,10.67
636_image_1.jpeg,27.14
637_image_1.jpeg,18.0
638_image_1.jpeg,13.5
639_image_1.jpeg,12.0
640_image_1.png,14.5
641_image_1.jpg,14.0
641_image_2.jpg,14.0
641_image_3.jpg,14.0
642_image_1.jpg,28.0
642_image_2.jpg,28.0
642_image_3.jpg,28.0
642_image_4.jpg,28.0
643_image_1.jpg,11.17
643_image_2.jpg,11.17
644_image_1.png,12.23
644_image_2.jpg,12.23
644_image_3.jpg,12.23
645_image_1.jpg,28.33
645_image_2.jpg,28.33
646_image_1.jpg,11.5
646_image_2.jpg,11.5
647_image_1.jpg,18.8
647_image_2.jpg,18.8
648_image_1.jpg,14.75
648_image_2.jpg,14.75
648_image_3.jpg,14.75
648_image_4.jpg,14.75
649_image_1.jpeg,15.0
650_image_1.jpeg,13.6
651_image_1.jpg,12.86
651_image_2.jpg,12.86
651_image_3.jpg,12.86
651_image_4.jpg,12.86
652_image_1.jpg,35.86
652_image_2.jpg,35.86
652_image_3.jpg,35.86
653_image_1.jpg,17.0
653_image_2.jpg,17.0
653_image_3.jpg,17.0
654_image_1.jpg,13.67
654_image_2.jpg,13.67
654_image_3.jpg,13.67
655_image_1.png,14.73
656_image_1.jpg,12.4
656_image_2.jpg,12.4
656_image_3.jpg,12.4
657_image_1.jpg,14.5
657_image_2.jpg,14.5
658_image_1.jpg,22.0
658_image_2.jpg,22.0
659_image_1.jpg,19.0
659_image_2.jpg,19.0
659_image_3.jpg,19.0
659_image_4.jpg,19.0
660_image_1.jpg,11.0
660_image_2.jpg,11.0
660_image_3.jpg,11.0
661_image_1.jpg,19.0
661_image_2.jpg,19.0
661_image_3.jpg,19.0
661_image_4.jpg,19.0
662_image_1.jpg,17.5
662_image_2.jpg,17.5
662_image_3.jpg,17.5
663_image_1.jpg,11.5
663_image_2.jpg,11.5
663_image_3.jpg,11.5
663_image_4.jpg,11.5
664_image_1.png,9.5
665_image_1.jpg,20.0
666_image_1.jpg,14.86
666_image_2.jpg,14.86
666_image_3.jpg,14.86
666_image_4.jpg,14.86
667_image_1.jpg,10.0
667_image_2.jpg,10.0
668_image_1.jpg,21.8
668_image_2.jpg,21.8
669_image_1.jpg,16.0
670_image_1.jpg,17.0
671_image_1.jpg,13.33
672_image_1.jpg,13.33
673_image_1.jpg,18.38
673_image_2.jpg,18.38
673_image_3.jpg,18.38
674_image_1.jpg,13.67
675_image_1.jpg,15.0
676_image_1.jpg,14.8
677_image_1.png,16.5
678_image_1.png,18.33
679_image_1.jpg,15.5
680_image_1.jpg,15.75
680_image_2.jpg,15.75
681_image_1.jpg,28.0
681_image_2.jpg,28.0
683_image_1.jpg,16.62
683_image_2.jpg,16.62
683_image_3.jpg,16.62
684_image_1.png,13.0
685_image_1.jpg,14.67
685_image_2.jpg,14.67
685_image_3.jpg,14.67
686_image_1.jpg,17.67
687_image_1.jpg,14.0
687_image_2.jpg,14.0
687_image_3.jpg,14.0
688_image_1.jpg,21.2
688_image_2.jpg,21.2
688_image_3.jpg,21.2
688_image_4.jpg,21.2
689_image_1.jpg,12.0
690_image_1.jpg,15.5
690_image_2.jpg,15.5
690_image_3.jpg,15.5
691_image_1.jpg,12.0
691_image_2.jpg,12.0
691_image_3.jpg,12.0
691_image_4.jpg,12.0
692_image_1.jpg,12.0
692_image_2.jpg,12.0
693_image_1.jpg,11.0
693_image_2.jpg,11.0
693_image_3.jpg,11.0
693_image_4.jpg,11.0
694_image_1.jpg,12.25
694_image_2.jpg,12.25
695_image_1.jpg,12.0
696_image_1.jpg,12.2
697_image_1.jpg,12.0
697_image_2.jpg,12.0
697_image_3.jpg,12.0
697_image_4.jpg,12.0
698_image_1.jpg,20.5
698_image_2.jpg,20.5
699_image_1.jpg,17.5
700_image_1.jpg,11.0
700_image_2.jpg,11.0
700_image_3.jpg,11.0
701_image_1.jpg,15.0
702_image_1.jpg,11.33
702_image_2.jpg,11.33
702_image_3.jpg,11.33
703_image_1.jpg,11.5
703_image_2.jpg,11.5
704_image_1.jpg,14.0
704_image_2.jpg,14.0
704_image_3.jpg,14.0
705_image_1.jpg,7.0
705_image_2.jpg,7.0
705_image_3.jpg,7.0
705_image_4.jpg,7.0
706_image_1.png,10.5
706_image_2.png,10.5
707_image_1.jpg,12.0
708_image_1.jpg,23.0
709_image_1.jpg,9.67
710_image_1.jpg,16.0
711_image_1.jpg,18.33
711_image_2.jpg,18.33
711_image_3.jpg,18.33
711_image_4.jpg,18.33
712_image_1.jpg,10.0
712_image_2.jpg,10.0
712_image_3.jpg,10.0
712_image_4.jpg,10.0
713_image_1.jpg,14.2
713_image_2.jpg,14.2
714_image_1.jpg,11.33
715_image_1.jpg,11.0
716_image_1.jpg,18.0
716_image_2.jpg,18.0
716_image_3.jpg,18.0
717_image_1.jpg,14.67
718_image_1.jpg,15.0
718_image_2.jpg,15.0
719_image_1.jpg,18.0
720_image_1.jpg,16.0
720_image_2.jpg,16.0
720_image_3.jpg,16.0
721_image_1.jpg,15.5
721_image_2.jpg,15.5
721_image_3.jpg,15.5
721_image_4.jpg,15.5
722_image_1.jpg,20.0
723_image_1.jpg,15.6
723_image_2.jpg,15.6
723_image_3.jpg,15.6
723_image_4.jpg,15.6
724_image_1.jpg,14.5
725_image_1.jpg,9.75
726_image_1.jpg,16.7
727_image_1.jpg,20.4
728_image_1.jpg,12.62
728_image_2.jpg,12.62
729_image_1.jpg,12.0
729_image_2.jpg,12.0
729_image_3.jpg,12.0
729_image_4.jpg,12.0
730_image_1.jpg,17.2
731_image_1.jpg,12.0
731_image_2.jpg,12.0
731_image_3.jpg,12.0
731_image_4.jpg,12.0
732_image_1.jpg,8.75
732_image_2.jpg,8.75
732_image_3.jpg,8.75
733_image_1.jpg,10.2
733_image_2.jpg,10.2
733_image_3.jpg,10.2
734_image_1.jpg,9.38
734_image_2.jpg,9.38
735_image_1.jpg,12.6
736_image_1.jpg,9.5
737_image_1.jpg,15.67
737_image_2.jpg,15.67
737_image_3.jpg,15.67
737_image_4.jpg,15.67
738_image_1.jpg,10.8
738_image_2.jpg,10.8
738_image_3.jpg,10.8
738_image_4.jpg,10.8
739_image_1.jpg,19.5
739_image_2.jpg,19.5
739_image_3.jpg,19.5
739_image_4.jpg,19.5
740_image_1.jpg,14.2
740_image_2.jpg,14.2
740_image_3.jpg,14.2
740_image_4.jpg,14.2
741_image_1.jpg,18.0
741_image_2.jpg,18.0
742_image_1.jpg,15.67
742_image_2.jpg,15.67
742_image_3.jpg,15.67
743_image_1.jpg,9.0
744_image_1.jpg,13.67
744_image_2.jpg,13.67
745_image_1.jpg,25.0
746_image_1.jpg,16.0
747_image_1.jpg,13.75
748_image_1.jpg,15.43
749_image_1.jpg,13.0
749_image_2.jpg,13.0
750_image_1.jpg,15.67
751_image_1.jpg,15.5
751_image_2.jpg,15.5
751_image_3.jpg,15.5
752_image_1.jpg,16.33
753_image_1.jpg,11.75
753_image_2.jpg,11.75
754_image_1.jpg,14.17
754_image_2.jpg,14.17
754_image_3.jpg,14.17
754_image_4.jpg,14.17
755_image_1.jpg,20.0
755_image_2.jpg,20.0
755_image_3.jpg,20.0
756_image_1.jpg,18.0
757_image_1.jpg,12.0
758_image_1.jpg,10.0
758_image_2.jpg,10.0
758_image_3.jpg,10.0
758_image_4.jpg,10.0
759_image_1.png,11.67
759_image_2.png,11.67
759_image_3.png,11.67
760_image_1.jpg,15.0
760_image_2.jpg,15.0
761_image_1.jpg,12.5
762_image_1.jpg,13.33
762_image_2.jpg,13.33
762_image_3.jpg,13.33
762_image_4.jpg,13.33
763_image_1.jpg,25.0
763_image_2.jpg,25.0
763_image_3.jpg,25.0
763_image_4.jpg,25.0
764_image_1.jpg,15.29
765_image_1.jpg,12.5
766_image_1.jpg,21.8
766_image_2.jpg,21.8
766_image_3.jpg,21.8
767_image_1.png,16.0
768_image_1.jpg,16.67
769_image_1.jpg,19.0
769_image_2.jpg,19.0
770_image_1.jpg,19.0
772_image_1.jpg,16.0
772_image_2.jpg,16.0
772_image_3.jpg,16.0
772_image_4.jpg,16.0
773_image_1.png,18.75
773_image_2.png,18.75
773_image_3.png,18.75
773_image_4.png,18.75
774_image_1.jpg,10.5
775_image_1.jpg,27.0
775_image_2.jpg,27.0
775_image_3.jpg,27.0
775_image_4.jpg,27.0
776_image_1.jpg,32.6
776_image_2.jpg,32.6
777_image_1.jpg,10.0
778_image_1.jpg,14.0
778_image_2.jpg,14.0
779_image_1.jpg,14.0
779_image_2.jpg,14.0
780_image_1.jpg,14.0
781_image_1.jpg,12.6
781_image_2.jpg,12.6
782_image_1.jpg,18.0
782_image_2.jpg,18.0
782_image_3.jpg,18.0
782_image_4.jpg,18.0
783_image_1.jpg,18.0
783_image_2.jpg,18.0
783_image_3.jpg,18.0
783_image_4.jpg,18.0
784_image_1.jpg,16.0
785_image_1.png,6.67
786_image_1.jpg,10.0
787_image_1.jpg,14.0
788_image_1.jpg,16.67
789_image_1.jpg,15.0
790_image_1.jpg,12.0
791_image_1.jpg,12.0
792_image_1.jpg,10.5
793_image_1.jpg,15.0
794_image_1.jpg,12.0
795_image_1.jpeg,13.5
